1	M33262.1	520102	10278	1	-	-	-
1	M33262.1	5879147	6495	66	-	-	ENSMMUG00000019994:exon
1	M33262.1	29677142	984	98	vpr	ENSMMUG00000007273	ENSMMUG00000007273:exon
1	M33262.1	29677143	10154	236	-	-	ENSMMUG00000007273:exon
1	M33262.1	29841262	10279	322	-	-	ENSMMUG00000007280:intron
1	M33262.1	29841262	10280	379	-	-	ENSMMUG00000007280:intron
1	M33262.1	29841262	10280	108	-	-	ENSMMUG00000007280:intron
1	M33262.1	29841263	10280	1	-	-	ENSMMUG00000007280:intron
1	M33262.1	29854609	984	1188	vpr	ENSMMUG00000007280	ENSMMUG00000007280:exon
1	M33262.1	31596209	10281	1	-	-	ENSMMUG00000001565:intron
1	M33262.1	32041248	10280	5	-	-	ENSMMUG00000001565:intron
1	M33262.1	46004733	10280	1	-	-	-
1	M33262.1	63154009	721	11	ENSMMUG00000001024	-	ENSMMUG00000001024:exon
1	M33262.1	63154009	10182	25	ENSMMUG00000001024	-	ENSMMUG00000001024:exon
1	M33262.1	64340390	10280	1	-	-	ENSMMUG00000023570:intron
1	M33262.1	64340391	10280	5	-	-	ENSMMUG00000023570:intron
1	M33262.1	73714093	6191	96	-	-	ENSMMUG00000022640:intron
1	M33262.1	81532121	10280	1	-	-	-
1	M33262.1	85673976	6190	2	-	-	ENSMMUG00000052432:exon
1	M33262.1	85673977	6189	1	-	-	ENSMMUG00000052432:exon
1	M33262.1	85673977	6191	888	-	-	ENSMMUG00000052432:exon
1	M33262.1	85673981	6195	1	-	-	ENSMMUG00000052432:exon
1	M33262.1	91024640	9035	3	-	-	ENSMMUG00000040609:exon
1	M33262.1	91951806	285	88	-	-	ENSMMUG00000004488:intron;ENSMMUG00000004490:exon
1	M33262.1	95152042	10280	9	-	-	ENSMMUG00000005092:intron;ENSMMUG00000009987:intron
1	M33262.1	99833085	10286	4	-	-	-
1	M33262.1	108574840	10280	1	-	-	ENSMMUG00000008967:intron
1	M33262.1	113255448	984	137	vpr	ENSMMUG00000000811	ENSMMUG00000000811:exon
1	M33262.1	113262374	10280	52	-	-	ENSMMUG00000000811:intron
1	M33262.1	113262375	10280	18	-	-	ENSMMUG00000000811:intron
1	M33262.1	113262375	10280	11	-	-	ENSMMUG00000000811:intron
1	M33262.1	113270809	721	4	-	-	ENSMMUG00000000811:intron
1	M33262.1	113270809	10182	21	-	-	ENSMMUG00000000811:intron
1	M33262.1	113273479	721	11	ENSMMUG00000000811	-	ENSMMUG00000000811:exon
1	M33262.1	113273479	10182	16	ENSMMUG00000000811	-	ENSMMUG00000000811:exon
1	M33262.1	115750155	10280	1	-	-	-
1	M33262.1	130288250	10280	10	-	-	-
1	M33262.1	130288250	10280	6	-	-	-
1	M33262.1	131235381	10282	9	-	-	ENSMMUG00000005073:intron
1	M33262.1	131235382	10281	1968	-	-	ENSMMUG00000005073:intron
1	M33262.1	131235383	10279	2	-	-	ENSMMUG00000005073:intron
1	M33262.1	131235383	10281	2	-	-	ENSMMUG00000005073:intron
1	M33262.1	131235384	10280	877	-	-	ENSMMUG00000005073:intron
1	M33262.1	131235384	10280	2	-	-	ENSMMUG00000005073:intron
1	M33262.1	135509776	9361	1	-	-	ENSMMUG00000018795:exon
1	M33262.1	135509777	9362	1	-	-	ENSMMUG00000018795:exon
1	M33262.1	135509778	9361	50	-	ENSMMUG00000018795	ENSMMUG00000018795:exon
1	M33262.1	135509778	9363	27	-	-	ENSMMUG00000018795:exon
1	M33262.1	135509780	9365	1	-	-	ENSMMUG00000018795:exon
1	M33262.1	181845370	10280	1	-	-	-
1	M33262.1	183983407	10280	1	-	-	-
1	M33262.1	187127220	10280	1	-	-	-
1	M33262.1	187127220	10280	5	-	-	-
1	M33262.1	189269961	6596	26	vpr	ENSMMUG00000019793	ENSMMUG00000019793:exon
1	M33262.1	195771347	721	9	ENSMMUG00000011377	-	ENSMMUG00000011377:exon
1	M33262.1	195771347	10182	21	ENSMMUG00000011377	-	ENSMMUG00000011377:exon
1	M33262.1	200156672	10280	1	-	-	ENSMMUG00000057675:intron
1	M33262.1	209209766	10280	4	-	-	ENSMMUG00000002802:intron
1	M33262.1	214475951	10280	1	-	-	-
1	M33262.1	214825592	10282	2	-	-	ENSMMUG00000006224:intron
1	M33262.1	214825593	10283	1100	-	-	ENSMMUG00000006224:intron
1	M33262.1	214825594	10282	3	-	-	ENSMMUG00000006224:intron
1	M33262.1	215802857	10280	7	-	-	ENSMMUG00000021399:intron
1	M33262.1	215802857	10280	6	-	-	ENSMMUG00000021399:intron
1	M33262.1	215802858	10280	6	-	-	ENSMMUG00000021399:intron
1	M33262.1	218261588	984	260	vpr	ENSMMUG00000004094	ENSMMUG00000004094:exon
1	M33262.1	223318262	10280	27	-	-	ENSMMUG00000018699:intron
1	M33262.1	223318262	10280	21	-	-	ENSMMUG00000018699:intron
2	M33262.1	1631563	984	103	vpr	ENSMMUG00000002259	ENSMMUG00000002259:exon
2	M33262.1	4152482	10281	1	-	-	ENSMMUG00000055165:intron
2	M33262.1	14097898	1432	25	-	-	ENSMMUG00000031438:intron
2	M33262.1	14098452	10279	1	-	-	ENSMMUG00000031438:intron
2	M33262.1	14098452	10281	8	-	-	ENSMMUG00000031438:intron
2	M33262.1	14098452	10281	5	-	-	ENSMMUG00000031438:intron
2	M33262.1	14098453	10278	8	-	-	ENSMMUG00000031438:intron
2	M33262.1	14098453	10278	3	-	-	ENSMMUG00000031438:intron
2	M33262.1	14098453	10280	2517	-	-	ENSMMUG00000031438:intron
2	M33262.1	14098453	10280	1422	-	-	ENSMMUG00000031438:intron
2	M33262.1	14098454	10279	3	-	-	ENSMMUG00000031438:intron
2	M33262.1	14098454	10280	1	-	-	ENSMMUG00000031438:intron
2	M33262.1	14098454	10280	2	-	-	ENSMMUG00000031438:intron
2	M33262.1	14098455	10278	4	-	-	ENSMMUG00000031438:intron
2	M33262.1	14098455	10278	2	-	-	ENSMMUG00000031438:intron
2	M33262.1	62678037	10153	2	-	-	ENSMMUG00000017282:intron;ENSMMUG00000017291:exon
2	M33262.1	62678037	10154	293	-	-	ENSMMUG00000017282:intron;ENSMMUG00000017291:exon
2	M33262.1	62678038	10152	293	-	ENSMMUG00000017291	ENSMMUG00000017282:intron;ENSMMUG00000017291:exon
2	M33262.1	62678038	10154	1	-	-	ENSMMUG00000017282:intron;ENSMMUG00000017291:exon
2	M33262.1	62678040	10156	1	-	-	ENSMMUG00000017282:intron;ENSMMUG00000017291:exon
2	M33262.1	84143035	10090	2	-	-	ENSMMUG00000003216:intron
2	M33262.1	96455737	10277	1	-	-	-
2	M33262.1	103082826	10280	3	-	-	ENSMMUG00000021117:intron
2	M33262.1	104852208	10280	1	-	-	ENSMMUG00000000081:intron
2	M33262.1	104997596	10280	192	-	-	ENSMMUG00000039597:intron
2	M33262.1	104997596	10280	96	-	-	ENSMMUG00000039597:intron
2	M33262.1	105509662	535	2	-	-	ENSMMUG00000047476:exon
2	M33262.1	107554656	10280	1	-	-	ENSMMUG00000004280:intron
2	M33262.1	107648717	10280	1	-	-	ENSMMUG00000012002:intron
2	M33262.1	127427138	10280	1	-	-	ENSMMUG00000002889:intron;ENSMMUG00000007780:intron
2	M33262.1	147013820	10281	1	-	-	ENSMMUG00000012727:intron
2	M33262.1	147387789	10153	13	-	-	ENSMMUG00000011580:exon
2	M33262.1	147745303	10280	1	-	-	ENSMMUG00000001798:intron
2	M33262.1	162390102	10280	2	-	-	ENSMMUG00000001943:intron
2	M33262.1	165899028	10280	8	-	-	-
2	M33262.1	165899028	10280	1	-	-	-
2	M33262.1	165899029	10280	6	-	-	-
2	M33262.1	168177069	1982	2	-	-	-
2	M33262.1	177627157	10280	1	-	-	-
3	M33262.1	2686562	10280	13	-	-	ENSMMUG00000005269:intron
3	M33262.1	2686562	10280	13	-	-	ENSMMUG00000005269:intron
3	M33262.1	2686563	10280	20	-	-	ENSMMUG00000005269:intron
3	M33262.1	5246026	984	399	vpr	ENSMMUG00000044257	ENSMMUG00000044257:exon
3	M33262.1	14993646	10281	1	-	-	-
3	M33262.1	29826834	10281	2	-	-	-
3	M33262.1	32374568	10280	12	-	-	-
3	M33262.1	32374568	10280	7	-	-	-
3	M33262.1	32374569	10280	18	-	-	-
3	M33262.1	32374569	10281	2	-	-	-
3	M33262.1	32374569	10281	3	-	-	-
3	M33262.1	35661920	450	1	-	-	-
3	M33262.1	36228371	10280	55	-	-	-
3	M33262.1	36228371	10280	19	-	-	-
3	M33262.1	43950810	10280	1	-	-	-
3	M33262.1	51609822	10280	1	-	-	ENSMMUG00000022555:intron
3	M33262.1	62791731	984	1	vpr	-	-
3	M33262.1	70608886	10279	2	-	-	ENSMMUG00000002651:intron
3	M33262.1	70608887	10278	5	-	-	ENSMMUG00000002651:intron
3	M33262.1	70608887	10280	801	-	-	ENSMMUG00000002651:intron
3	M33262.1	70608887	10280	312	-	-	ENSMMUG00000002651:intron
3	M33262.1	70608888	10279	1	-	-	ENSMMUG00000002651:intron
3	M33262.1	70608888	10281	2	-	-	ENSMMUG00000002651:intron
3	M33262.1	70608889	10282	3	-	-	ENSMMUG00000002651:intron
3	M33262.1	71450662	10280	14	-	-	ENSMMUG00000019023:intron
3	M33262.1	75040231	10280	1	-	-	ENSMMUG00000001702:intron
3	M33262.1	113222651	10282	1	-	-	-
3	M33262.1	113222652	10279	3	-	-	-
3	M33262.1	113222652	10281	1	-	-	-
3	M33262.1	113222653	10280	643	-	-	-
3	M33262.1	113222653	10280	329	-	-	-
3	M33262.1	113222654	10279	1	-	-	-
3	M33262.1	113222654	10279	3	-	-	-
3	M33262.1	128755580	10280	1	-	-	-
3	M33262.1	128755580	10280	1	-	-	-
3	M33262.1	143155930	10280	1	-	-	-
3	M33262.1	144390948	10090	1	-	-	ENSMMUG00000060460:intron
3	M33262.1	172808516	10280	2	-	-	ENSMMUG00000015772:intron
3	M33262.1	176512901	10282	1	-	-	ENSMMUG00000017640:intron
3	M33262.1	176512901	10283	155	-	-	ENSMMUG00000017640:intron
3	M33262.1	176514036	984	351	vpr	ENSMMUG00000017640	ENSMMUG00000017640:exon
3	M33262.1	176514037	10152	26	-	ENSMMUG00000017640	ENSMMUG00000017640:exon
3	M33262.1	176514037	10154	16	-	-	ENSMMUG00000017640:exon
3	M33262.1	176514087	850	42	-	-	ENSMMUG00000017640:exon
3	M33262.1	176514091	852	1	-	-	ENSMMUG00000017640:exon
3	M33262.1	176514877	6240	16	-	-	ENSMMUG00000017640:exon
3	M33262.1	177508982	10282	1	-	-	ENSMMUG00000051076:intron
3	M33262.1	177508983	10281	3	-	-	ENSMMUG00000051076:intron
3	M33262.1	177508983	10282	1	-	-	ENSMMUG00000051076:intron
3	M33262.1	177508984	10280	1847	-	-	ENSMMUG00000051076:intron
3	M33262.1	177508984	10279	63	-	-	ENSMMUG00000051076:intron
3	M33262.1	177508984	10281	3	-	-	ENSMMUG00000051076:intron
3	M33262.1	177508984	10281	2	-	-	ENSMMUG00000051076:intron
3	M33262.1	177508985	10280	1	-	-	ENSMMUG00000051076:intron
3	M33262.1	177508985	10280	739	-	-	ENSMMUG00000051076:intron
3	M33262.1	177508985	10280	590	-	-	ENSMMUG00000051076:intron
3	M33262.1	177508986	10279	5	-	-	ENSMMUG00000051076:intron
3	M33262.1	177508988	10278	1	-	-	ENSMMUG00000051076:intron
3	M33262.1	177508988	10278	3	-	-	ENSMMUG00000051076:intron
3	M33262.1	183181291	10280	107	-	-	ENSMMUG00000008733:intron
3	M33262.1	183181291	10280	34	-	-	ENSMMUG00000008733:intron
3	M33262.1	183181292	10280	141	-	-	ENSMMUG00000008733:intron
3	M33262.1	183182635	6596	24	vpr	ENSMMUG00000008733	ENSMMUG00000008733:exon
4	M33262.1	14492171	10280	3	-	-	-
4	M33262.1	20459195	10286	6	-	-	ENSMMUG00000017189:intron
4	M33262.1	86133891	10280	1	-	-	ENSMMUG00000022458:intron
4	M33262.1	99362424	10280	1	-	-	-
4	M33262.1	107207364	10280	20	-	-	-
4	M33262.1	107207364	10280	2	-	-	-
4	M33262.1	115809416	10280	313	-	-	-
4	M33262.1	115809416	10280	185	-	-	-
4	M33262.1	115809417	10280	504	-	-	-
4	M33262.1	115809417	10279	2	-	-	-
4	M33262.1	115809417	10279	5	-	-	-
4	M33262.1	124778610	10280	2	-	-	-
4	M33262.1	124778610	10280	1	-	-	-
4	M33262.1	133899413	10280	1	-	-	ENSMMUG00000011520:intron
4	M33262.1	137939608	984	120	vpr	ENSMMUG00000008843	ENSMMUG00000008843:exon
4	M33262.1	137940746	984	112	vpr	ENSMMUG00000008843	ENSMMUG00000008843:exon
4	M33262.1	137941194	984	365	vpr	-	ENSMMUG00000008843:intron
4	M33262.1	137941194	5283	29	vpr	-	ENSMMUG00000008843:intron
4	M33262.1	137942624	10280	20	-	-	ENSMMUG00000008843:intron
4	M33262.1	137942625	10280	5	-	-	ENSMMUG00000008843:intron
4	M33262.1	137942625	10280	2	-	-	ENSMMUG00000008843:intron
4	M33262.1	138560616	1723	1	-	-	ENSMMUG00000054038:intron
4	M33262.1	139405051	872	5	-	-	ENSMMUG00000055242:exon
4	M33262.1	140120846	10280	1	-	-	ENSMMUG00000056914:intron
4	M33262.1	144005694	10281	2	-	-	ENSMMUG00000002586:intron;ENSMMUG00000061288:exon
4	M33262.1	144005695	10280	829	-	-	ENSMMUG00000002586:intron;ENSMMUG00000061288:exon
4	M33262.1	144005695	10279	4	-	-	ENSMMUG00000002586:intron;ENSMMUG00000061288:exon
4	M33262.1	144005696	10280	588	-	-	ENSMMUG00000002586:intron;ENSMMUG00000061288:exon
4	M33262.1	144005696	10280	253	-	-	ENSMMUG00000002586:intron;ENSMMUG00000061288:exon
4	M33262.1	144005699	10277	3	-	-	ENSMMUG00000002586:intron;ENSMMUG00000061288:exon
4	M33262.1	156359285	984	787	vpr	ENSMMUG00000020122	ENSMMUG00000020122:exon
4	M33262.1	157949486	8961	2	-	-	ENSMMUG00000008560:intron
5	M33262.1	2316994	10072	2	-	-	-
5	M33262.1	2947883	721	2	ENSMMUG00000008379	-	ENSMMUG00000008379:exon
5	M33262.1	2947883	10182	2	ENSMMUG00000008379	-	ENSMMUG00000008379:exon
5	M33262.1	4922771	10280	1	-	-	ENSMMUG00000013984:intron
5	M33262.1	14693912	10280	68	-	-	ENSMMUG00000015294:intron
5	M33262.1	14693912	10280	32	-	-	ENSMMUG00000015294:intron
5	M33262.1	14693913	10281	1	-	-	ENSMMUG00000015294:intron
5	M33262.1	14720349	948	31	-	-	-
5	M33262.1	20142640	10280	1	-	-	ENSMMUG00000030380:intron
5	M33262.1	30251949	10280	1	-	-	-
5	M33262.1	78035415	396	8	-	-	ENSMMUG00000043692:intron
5	M33262.1	108040509	984	90	vpr	ENSMMUG00000052933	ENSMMUG00000052933:exon
5	M33262.1	121245594	10280	1	-	-	-
5	M33262.1	125779556	10280	133	-	-	ENSMMUG00000020931:intron
5	M33262.1	125779556	10280	52	-	-	ENSMMUG00000020931:intron
5	M33262.1	125779557	10280	173	-	-	ENSMMUG00000020931:intron
5	M33262.1	125779557	10279	1	-	-	ENSMMUG00000020931:intron
5	M33262.1	125779560	10284	1	-	-	ENSMMUG00000020931:intron
5	M33262.1	148731306	10280	6	-	-	-
5	M33262.1	148731306	10280	2	-	-	-
5	M33262.1	180950647	10280	1	-	-	-
5	M33262.1	183268222	10280	1	-	-	-
5	M33262.1	183268222	10280	1	-	-	-
6	M33262.1	18916333	10279	1	-	-	-
6	M33262.1	54732348	10280	1	-	-	-
6	M33262.1	68053047	10281	1	-	-	ENSMMUG00000006216:intron
6	M33262.1	74092184	10281	1	-	-	ENSMMUG00000021358:intron
6	M33262.1	87538912	10280	1	-	-	ENSMMUG00000018976:intron
6	M33262.1	93723788	10280	99	-	-	ENSMMUG00000011043:intron
6	M33262.1	93723788	10280	27	-	-	ENSMMUG00000011043:intron
6	M33262.1	108926660	10191	2	-	-	ENSMMUG00000063177:exon
6	M33262.1	111356422	10281	1	-	-	ENSMMUG00000063068:intron
6	M33262.1	122301111	10280	6	-	-	-
6	M33262.1	122301111	10280	1	-	-	-
6	M33262.1	128528678	10281	1	-	-	ENSMMUG00000057706:intron
6	M33262.1	131988206	9283	20	-	-	ENSMMUG00000000358:exon
6	M33262.1	131988212	9289	1	-	-	ENSMMUG00000000358:exon
6	M33262.1	138902023	6641	1	-	-	ENSMMUG00000021964:exon
6	M33262.1	138902023	6641	1	-	ENSMMUG00000021964	ENSMMUG00000021964:exon
6	M33262.1	138902024	6642	319	-	-	ENSMMUG00000021964:exon
6	M33262.1	138902024	6642	37	-	-	ENSMMUG00000021964:exon
6	M33262.1	154793311	10008	2	-	-	ENSMMUG00000010997:intron
6	M33262.1	171931930	10277	2	-	-	ENSMMUG00000060788:intron
7	M33262.1	14715773	10280	1	-	-	ENSMMUG00000010704:intron
7	M33262.1	14715774	10280	1	-	-	ENSMMUG00000010704:intron
7	M33262.1	14715776	10280	1	-	-	ENSMMUG00000010704:intron
7	M33262.1	14715776	10282	768	-	-	ENSMMUG00000010704:intron
7	M33262.1	14721098	984	76	vpr	ENSMMUG00000010704	ENSMMUG00000010704:exon
7	M33262.1	17876482	949	1	-	-	ENSMMUG00000015482:exon
7	M33262.1	18888431	984	43	vpr	ENSMMUG00000001534	ENSMMUG00000001534:exon
7	M33262.1	21220675	522	2	-	-	ENSMMUG00000060797:exon
7	M33262.1	21220675	9983	2	-	-	ENSMMUG00000060797:exon
7	M33262.1	21224986	950	2	-	-	ENSMMUG00000060797:exon
7	M33262.1	21225057	8467	1	-	-	ENSMMUG00000060797:exon
7	M33262.1	21225059	8469	193	-	-	ENSMMUG00000060797:exon
7	M33262.1	21227289	516	145	-	-	ENSMMUG00000060797:exon
7	M33262.1	21227289	9977	105	-	-	ENSMMUG00000060797:exon
7	M33262.1	21227414	10118	1	-	-	ENSMMUG00000060797:exon
7	M33262.1	29127525	10279	2	-	-	ENSMMUG00000001425:intron
7	M33262.1	29127525	10279	6	-	-	ENSMMUG00000001425:intron
7	M33262.1	42025513	10280	3	-	-	ENSMMUG00000015447:intron
7	M33262.1	69354079	321	1	-	-	ENSMMUG00000011882:exon
7	M33262.1	84578776	984	47	vpr	ENSMMUG00000000830	ENSMMUG00000000830:exon
7	M33262.1	84582373	10286	1	-	-	ENSMMUG00000000830:intron
7	M33262.1	84582373	10287	1	-	-	ENSMMUG00000000830:intron
7	M33262.1	84582375	10282	1	-	-	ENSMMUG00000000830:intron
7	M33262.1	84582377	10280	55	-	-	ENSMMUG00000000830:intron
7	M33262.1	84582377	10280	52	-	-	ENSMMUG00000000830:intron
7	M33262.1	84582378	10279	1	-	-	ENSMMUG00000000830:intron
7	M33262.1	84582378	10279	1	-	-	ENSMMUG00000000830:intron
7	M33262.1	96675520	984	385	vpr	ENSMMUG00000012576	ENSMMUG00000012576:exon
7	M33262.1	96675520	6596	38	vpr	ENSMMUG00000012576	ENSMMUG00000012576:exon
7	M33262.1	96676472	10279	1	-	-	ENSMMUG00000012576:intron
7	M33262.1	96676473	10280	52	-	-	ENSMMUG00000012576:intron
7	M33262.1	96676473	10280	23	-	-	ENSMMUG00000012576:intron
7	M33262.1	120332659	10293	1	-	-	-
7	M33262.1	126808133	10244	1	-	-	ENSMMUG00000019170:exon
7	M33262.1	126808134	10278	529	-	-	ENSMMUG00000019170:exon
7	M33262.1	126808134	10277	2	-	-	ENSMMUG00000019170:exon
7	M33262.1	126808134	10279	1	-	-	ENSMMUG00000019170:exon
7	M33262.1	126808135	10278	565	-	-	ENSMMUG00000019170:exon
7	M33262.1	126808135	10278	298	-	-	ENSMMUG00000019170:exon
7	M33262.1	136399495	8129	1	-	-	ENSMMUG00000004041:intron
7	M33262.1	136562089	10281	1	-	-	-
7	M33262.1	139077189	9297	2	-	-	-
7	M33262.1	149141381	10280	1	-	-	ENSMMUG00000061879:intron
7	M33262.1	155518490	10280	4	-	-	-
7	M33262.1	155518491	10280	6	-	-	-
7	M33262.1	156294944	10086	1	-	-	-
7	M33262.1	158527915	10280	28	-	-	ENSMMUG00000003658:intron
7	M33262.1	158527915	10280	36	-	-	ENSMMUG00000003658:intron
7	M33262.1	164282311	5395	1	-	-	-
7	M33262.1	164282311	5395	21	-	-	-
7	M33262.1	168177259	984	16	vpr	-	ENSMMUG00000045298:intron
8	M33262.1	22795278	10280	164	-	-	ENSMMUG00000021991:intron
8	M33262.1	22795278	10279	2	-	-	ENSMMUG00000021991:intron
8	M33262.1	22795279	10280	121	-	-	ENSMMUG00000021991:intron
8	M33262.1	22795279	10280	61	-	-	ENSMMUG00000021991:intron
8	M33262.1	22795280	10279	5	-	-	ENSMMUG00000021991:intron
8	M33262.1	22795280	10279	3	-	-	ENSMMUG00000021991:intron
8	M33262.1	28365718	721	3	ENSMMUG00000005067	-	ENSMMUG00000005067:exon
8	M33262.1	28365718	10182	4	ENSMMUG00000005067	-	ENSMMUG00000005067:exon
8	M33262.1	39212386	10280	1	-	-	ENSMMUG00000010152:intron;ENSMMUG00000051162:intron
8	M33262.1	43659567	10279	225	-	-	ENSMMUG00000019866:intron
8	M33262.1	43659567	10278	1	-	-	ENSMMUG00000019866:intron
8	M33262.1	43659567	10280	104	-	-	ENSMMUG00000019866:intron
8	M33262.1	43659567	10280	49	-	-	ENSMMUG00000019866:intron
8	M33262.1	62369686	10280	1	-	-	-
8	M33262.1	73933203	10280	1	-	-	ENSMMUG00000021588:intron
8	M33262.1	88391094	10280	4	-	-	-
8	M33262.1	88391094	10280	3	-	-	-
8	M33262.1	98166637	10280	1	-	-	ENSMMUG00000020072:intron
8	M33262.1	98849965	984	579	vpr	ENSMMUG00000028952	ENSMMUG00000028952:exon
9	M33262.1	979326	984	398	vpr	ENSMMUG00000021279	ENSMMUG00000021279:exon
9	M33262.1	13167431	10277	1	-	-	ENSMMUG00000008241:intron
9	M33262.1	15743414	10282	1	-	-	ENSMMUG00000017169:intron
9	M33262.1	23633990	10282	116	-	-	ENSMMUG00000015034:intron
9	M33262.1	44150114	10119	4	-	-	-
9	M33262.1	69567041	10279	13	-	-	ENSMMUG00000019703:intron
9	M33262.1	69567042	10280	8	-	-	ENSMMUG00000019703:intron
9	M33262.1	69567042	10280	5	-	-	ENSMMUG00000019703:intron
9	M33262.1	103286800	10289	2	-	-	ENSMMUG00000052989:intron
9	M33262.1	103512230	10283	1	-	-	ENSMMUG00000003747:intron
9	M33262.1	119548098	10282	4	-	-	ENSMMUG00000008994:intron
9	M33262.1	124213154	10281	1	-	-	ENSMMUG00000020346:intron
10	M33262.1	1335272	10280	18	-	-	ENSMMUG00000009120:intron
10	M33262.1	1335272	10280	2	-	-	ENSMMUG00000009120:intron
10	M33262.1	2339676	10278	1	-	-	-
10	M33262.1	5047044	10280	1	-	-	ENSMMUG00000020993:intron
10	M33262.1	8837496	10280	6	-	-	ENSMMUG00000010198:intron
10	M33262.1	9097315	10280	2	-	-	ENSMMUG00000053793:intron
10	M33262.1	9379699	10244	5	-	-	-
10	M33262.1	9379713	10280	62	-	-	-
10	M33262.1	9379713	10280	20	-	-	-
10	M33262.1	9671523	10280	28	-	-	ENSMMUG00000003357:intron
10	M33262.1	9671524	10280	18	-	-	ENSMMUG00000003357:intron
10	M33262.1	9671524	10280	19	-	-	ENSMMUG00000003357:intron
10	M33262.1	9671526	10278	1	-	-	ENSMMUG00000003357:intron
10	M33262.1	10033852	10279	1	-	-	ENSMMUG00000001454:intron
10	M33262.1	10243483	10280	2	-	-	ENSMMUG00000014166:intron
10	M33262.1	10545236	10280	3	-	-	-
10	M33262.1	10868516	10278	2	-	-	-
10	M33262.1	11095880	10280	1	-	-	ENSMMUG00000020411:intron
10	M33262.1	12115643	10280	1	-	-	-
10	M33262.1	12870362	10279	1	-	-	ENSMMUG00000021083:intron
10	M33262.1	13038970	10279	6	-	-	-
10	M33262.1	13038970	10279	1	-	-	-
10	M33262.1	13186865	10280	257	-	-	-
10	M33262.1	13186865	10280	37	-	-	-
10	M33262.1	13192284	8061	2	-	-	ENSMMUG00000010122:intron
10	M33262.1	15193861	10279	5	-	-	ENSMMUG00000006101:intron
10	M33262.1	15193862	10280	891	-	-	ENSMMUG00000006101:intron
10	M33262.1	15193862	10280	200	-	-	ENSMMUG00000006101:intron
10	M33262.1	15193863	10279	2	-	-	ENSMMUG00000006101:intron
10	M33262.1	15193865	10277	1	-	-	ENSMMUG00000006101:intron
10	M33262.1	18175136	10280	1	-	-	ENSMMUG00000012113:intron
10	M33262.1	18175137	10280	1	-	-	ENSMMUG00000012113:intron
10	M33262.1	20844174	10280	1	-	-	-
10	M33262.1	21084282	10281	1	-	-	ENSMMUG00000019374:intron
10	M33262.1	21214026	10281	1	-	-	-
10	M33262.1	23087426	8060	1	-	-	ENSMMUG00000001058:intron
10	M33262.1	26957591	10278	2	-	-	-
10	M33262.1	26957591	10279	4	-	-	-
10	M33262.1	28848108	6732	2	-	-	ENSMMUG00000008516:exon
10	M33262.1	31292158	10280	1	-	-	ENSMMUG00000018798:intron
10	M33262.1	31344120	10279	2	-	-	ENSMMUG00000018994:intron
10	M33262.1	31421500	8060	2	-	-	-
10	M33262.1	33394509	10280	21	-	-	ENSMMUG00000005432:intron
10	M33262.1	33394509	10280	8	-	-	ENSMMUG00000005432:intron
10	M33262.1	34865089	8061	1	-	-	ENSMMUG00000002529:intron
10	M33262.1	40961300	10278	11	-	-	-
10	M33262.1	46509482	10280	2	-	-	ENSMMUG00000010114:intron
10	M33262.1	48011606	10280	1	-	-	ENSMMUG00000004139:intron
10	M33262.1	48421738	10280	1	-	-	-
10	M33262.1	53159950	10280	1	-	-	ENSMMUG00000006519:intron
10	M33262.1	53812745	10280	2	-	-	-
10	M33262.1	60773229	10278	2	-	-	-
10	M33262.1	63619093	10280	1	-	-	ENSMMUG00000005878:intron
10	M33262.1	63737618	10280	1	-	-	-
10	M33262.1	63737618	10280	1	-	-	-
10	M33262.1	64403849	10280	2	-	-	-
10	M33262.1	64403849	10280	2	-	-	-
10	M33262.1	64859543	10280	28	-	-	ENSMMUG00000018473:intron
10	M33262.1	64859544	10280	18	-	-	ENSMMUG00000018473:intron
10	M33262.1	64859544	10280	8	-	-	ENSMMUG00000018473:intron
10	M33262.1	65960118	10280	5	-	-	-
10	M33262.1	69601141	10280	1	-	-	ENSMMUG00000012912:intron
10	M33262.1	70909060	10280	1	-	-	ENSMMUG00000010951:intron
10	M33262.1	72468295	10280	7	-	-	ENSMMUG00000010363:intron
10	M33262.1	72468295	10280	2	-	-	ENSMMUG00000010363:intron
10	M33262.1	78682850	10284	2	-	-	-
10	M33262.1	80232010	10280	4	-	-	ENSMMUG00000013212:intron
10	M33262.1	80237734	984	22	vpr	ENSMMUG00000013212	ENSMMUG00000013212:exon
10	M33262.1	80977758	9974	1	-	-	ENSMMUG00000021022:intron;ENSMMUG00000021025:intron
10	M33262.1	82979837	10280	73	-	-	ENSMMUG00000012029:intron
10	M33262.1	82979837	10280	26	-	-	ENSMMUG00000012029:intron
10	M33262.1	82979839	10281	113	-	-	ENSMMUG00000012029:intron
10	M33262.1	82979840	10281	2	-	-	ENSMMUG00000012029:intron
10	M33262.1	86634140	10153	8	-	-	ENSMMUG00000012657:exon
10	M33262.1	86958056	10286	10	-	-	ENSMMUG00000000918:intron
10	M33262.1	88827558	10280	107	-	-	-
10	M33262.1	88827559	10280	75	-	-	-
10	M33262.1	88827559	10280	35	-	-	-
10	M33262.1	92705639	10280	6	-	-	ENSMMUG00000050216:intron
10	M33262.1	99093995	10280	1	-	-	ENSMMUG00000042458:intron
11	M33262.1	772642	10280	2	-	-	ENSMMUG00000018650:intron
11	M33262.1	6595300	10280	37	-	-	-
11	M33262.1	6595300	10280	21	-	-	-
11	M33262.1	15751142	10280	1	-	-	-
11	M33262.1	15751142	10280	1	-	-	-
11	M33262.1	23899331	10283	1	-	-	-
11	M33262.1	41823043	10279	1	-	-	ENSMMUG00000021735:intron
11	M33262.1	53969256	10280	1	-	-	-
11	M33262.1	54162164	5215	2	-	-	ENSMMUG00000000108:exon
11	M33262.1	54162169	5220	200	-	-	ENSMMUG00000000108:exon
11	M33262.1	63562517	10280	2	-	-	ENSMMUG00000001952:intron
11	M33262.1	67638179	10280	46	-	-	-
11	M33262.1	67638180	10280	32	-	-	-
11	M33262.1	67638180	10280	7	-	-	-
11	M33262.1	76810734	10281	1	-	-	-
11	M33262.1	82625926	174	2	-	-	ENSMMUG00000011305:intron
11	M33262.1	107398574	10280	1	-	-	-
11	M33262.1	107598559	10277	1	-	-	-
11	M33262.1	108249964	1060	2	-	-	ENSMMUG00000031572:exon
11	M33262.1	109922314	10280	1	-	-	-
11	M33262.1	110379964	10152	19	-	ENSMMUG00000013664	ENSMMUG00000013664:exon
11	M33262.1	110379964	10154	9	-	-	ENSMMUG00000013664:exon
11	M33262.1	110379965	984	28	vpr	ENSMMUG00000013664	ENSMMUG00000013664:exon
11	M33262.1	110380753	10281	7	-	-	ENSMMUG00000013664:intron
11	M33262.1	110380754	10281	1	-	-	ENSMMUG00000013664:intron
11	M33262.1	110380755	10280	2	-	-	ENSMMUG00000013664:intron
11	M33262.1	110380755	10280	2	-	-	ENSMMUG00000013664:intron
11	M33262.1	110381478	721	4	ENSMMUG00000013664	-	ENSMMUG00000013664:exon
11	M33262.1	110381478	10182	17	ENSMMUG00000013664	-	ENSMMUG00000013664:exon
11	M33262.1	110586826	10280	27	-	-	-
11	M33262.1	110586826	10280	10	-	-	-
11	M33262.1	110674403	10280	1	-	-	-
11	M33262.1	110674404	10280	1	-	-	-
11	M33262.1	111545851	10280	87	-	-	ENSMMUG00000022353:intron;ENSMMUG00000059838:intron
11	M33262.1	111545851	10280	32	-	-	ENSMMUG00000022353:intron;ENSMMUG00000059838:intron
11	M33262.1	111545852	10279	1	-	-	ENSMMUG00000022353:intron;ENSMMUG00000059838:intron
11	M33262.1	111546948	10177	7	-	-	ENSMMUG00000022353:intron;ENSMMUG00000059838:intron
11	M33262.1	114298752	585	8	-	-	-
11	M33262.1	114298752	10046	17	-	-	-
11	M33262.1	118233673	10280	1	-	-	-
11	M33262.1	122259447	10280	89	-	-	ENSMMUG00000021928:intron
11	M33262.1	122259447	10280	12	-	-	ENSMMUG00000021928:intron
11	M33262.1	123047984	10280	1	-	-	ENSMMUG00000019678:intron
11	M33262.1	132619307	10280	1	-	-	ENSMMUG00000031451:intron
12	M33262.1	106890	10280	1	-	-	ENSMMUG00000013573:intron
12	M33262.1	3752874	10280	1	-	-	-
12	M33262.1	9464501	8841	116	-	-	-
12	M33262.1	16822178	10280	1	-	-	-
12	M33262.1	25441040	10280	1	-	-	-
12	M33262.1	37013708	10091	2	-	-	-
12	M33262.1	43348141	3830	1	-	-	-
12	M33262.1	46215850	10280	1	-	-	ENSMMUG00000006180:intron
12	M33262.1	55448402	10280	1	-	-	-
12	M33262.1	58224774	984	39	vpr	ENSMMUG00000011189	ENSMMUG00000011189:exon
12	M33262.1	63514038	10280	2	-	-	-
12	M33262.1	65306261	10280	1	-	-	-
12	M33262.1	83281065	984	122	vpr	ENSMMUG00000057432	ENSMMUG00000057432:exon
12	M33262.1	88975825	10280	1	-	-	ENSMMUG00000018151:intron
12	M33262.1	88975826	10280	1	-	-	ENSMMUG00000018151:intron
12	M33262.1	119974733	8864	1	-	-	ENSMMUG00000022150:intron
12	M33262.1	128438865	10280	2	-	-	ENSMMUG00000004968:intron
13	M33262.1	2373394	6596	46	vpr	ENSMMUG00000055665	ENSMMUG00000055665:exon
13	M33262.1	18722410	10282	1	-	-	-
13	M33262.1	22895393	9183	2	-	-	ENSMMUG00000030785:exon;ENSMMUG00000051721:intron
13	M33262.1	23254007	10279	2	-	-	ENSMMUG00000019416:intron;ENSMMUG00000020134:intron
13	M33262.1	23254007	10279	4	-	-	ENSMMUG00000019416:intron;ENSMMUG00000020134:intron
13	M33262.1	39799568	8841	528	-	-	-
13	M33262.1	39799571	8844	4	-	-	-
13	M33262.1	47630910	10280	1	-	-	-
13	M33262.1	53406152	10086	1	-	-	ENSMMUG00000015563:exon;ENSMMUG00000030833:exon
13	M33262.1	61169096	10280	2	-	-	-
13	M33262.1	84933593	2079	1	-	-	ENSMMUG00000001282:intron
13	M33262.1	92229799	10280	2	-	-	-
13	M33262.1	93161892	8841	499	-	-	ENSMMUG00000052644:exon
13	M33262.1	93161895	8844	2	-	-	ENSMMUG00000052644:exon
13	M33262.1	93161897	8846	1	-	-	ENSMMUG00000052644:exon
13	M33262.1	94631037	10280	1	-	-	-
13	M33262.1	97278929	10280	2	-	-	-
13	M33262.1	97640278	10288	2	-	-	ENSMMUG00000064867:intron
13	M33262.1	103749670	10280	1	-	-	ENSMMUG00000052411:intron
13	M33262.1	105351634	8349	2	-	-	ENSMMUG00000019468:exon
14	M33262.1	312664	179	2	-	-	ENSMMUG00000013257:intron;ENSMMUG00000061959:exon
14	M33262.1	312801	10089	2	-	-	ENSMMUG00000013257:intron;ENSMMUG00000061959:exon
14	M33262.1	4652986	10282	1	-	-	ENSMMUG00000019734:intron
14	M33262.1	8287414	10281	3	-	-	ENSMMUG00000022520:exon
14	M33262.1	8287415	10279	7	-	-	ENSMMUG00000022520:exon
14	M33262.1	8287416	10280	149	-	-	ENSMMUG00000022520:exon
14	M33262.1	8287416	10280	193	-	-	ENSMMUG00000022520:exon
14	M33262.1	8287416	10280	114	-	-	ENSMMUG00000022520:exon
14	M33262.1	10722080	721	6	ENSMMUG00000014131	-	ENSMMUG00000014131:exon
14	M33262.1	10722080	10182	7	ENSMMUG00000014131	-	ENSMMUG00000014131:exon
14	M33262.1	10961847	10280	41	-	-	ENSMMUG00000005775:intron
14	M33262.1	10961847	10280	32	-	-	ENSMMUG00000005775:intron
14	M33262.1	11403674	8822	18	-	-	ENSMMUG00000000188:exon
14	M33262.1	12732321	10280	1	-	-	ENSMMUG00000015281:intron
14	M33262.1	13145303	721	1	-	-	-
14	M33262.1	17830100	10280	1	-	-	-
14	M33262.1	83358834	10280	1	-	-	-
14	M33262.1	83571068	10282	1	-	-	-
14	M33262.1	96552261	10280	1	-	-	ENSMMUG00000018308:intron
14	M33262.1	103780005	10281	1	-	-	ENSMMUG00000000527:intron
14	M33262.1	121028000	10280	1	-	-	-
14	M33262.1	121028001	10280	196	-	-	-
14	M33262.1	121028001	10280	83	-	-	-
15	M33262.1	4906784	8841	21	-	-	ENSMMUG00000022339:exon;ENSMMUG00000022341:exon;ENSMMUG00000022344:exon
15	M33262.1	10488748	3809	41	-	-	ENSMMUG00000003799:intron
15	M33262.1	12584260	10280	15	-	-	-
15	M33262.1	12584260	10280	12	-	-	-
15	M33262.1	42922914	6596	477	vpr	-	ENSMMUG00000011415:intron
15	M33262.1	69994423	10280	6	-	-	-
15	M33262.1	78588487	10280	1	-	-	-
15	M33262.1	80572526	10282	3	-	-	ENSMMUG00000000802:intron
15	M33262.1	80572527	10282	2	-	-	ENSMMUG00000000802:intron
15	M33262.1	80572529	10279	137	-	-	ENSMMUG00000000802:intron
15	M33262.1	80572529	10280	142	-	-	ENSMMUG00000000802:intron
15	M33262.1	80572529	10280	68	-	-	ENSMMUG00000000802:intron
15	M33262.1	82834107	10278	2	-	-	-
15	M33262.1	90563573	578	21	-	-	ENSMMUG00000010401:exon
15	M33262.1	90563573	10039	37	-	-	ENSMMUG00000010401:exon
15	M33262.1	92830737	10280	1	-	-	ENSMMUG00000019761:intron
15	M33262.1	108314042	10280	1	-	-	-
16	M33262.1	4805991	10282	1	-	-	ENSMMUG00000054585:exon
16	M33262.1	24914845	10280	1	-	-	ENSMMUG00000012856:intron
16	M33262.1	28150698	6326	1	-	-	ENSMMUG00000020403:exon
16	M33262.1	30502342	1544	2	-	-	-
16	M33262.1	31604647	721	5	ENSMMUG00000010082	-	ENSMMUG00000010082:exon
16	M33262.1	31604647	10182	7	ENSMMUG00000010082	-	ENSMMUG00000010082:exon
16	M33262.1	33787491	10280	1	-	-	ENSMMUG00000009349:intron
16	M33262.1	33787492	10279	470	-	-	ENSMMUG00000009349:intron
16	M33262.1	33787492	10278	4	-	-	ENSMMUG00000009349:intron
16	M33262.1	33787492	10278	2	-	-	ENSMMUG00000009349:intron
16	M33262.1	33787492	10280	317	-	-	ENSMMUG00000009349:intron
16	M33262.1	33787492	10280	135	-	-	ENSMMUG00000009349:intron
16	M33262.1	36973632	10281	1	-	-	ENSMMUG00000048926:intron
16	M33262.1	43898263	10280	1	-	-	-
16	M33262.1	50298309	10088	1	-	-	ENSMMUG00000000289:intron
16	M33262.1	53461214	984	52	vpr	ENSMMUG00000010707	ENSMMUG00000010707:exon;ENSMMUG00000052220:intron
16	M33262.1	53968373	8749	5	-	-	ENSMMUG00000012685:intron
16	M33262.1	53968375	8745	6	-	ENSMMUG00000012685	ENSMMUG00000012685:intron
16	M33262.1	59043825	10280	1	-	-	ENSMMUG00000002166:intron
16	M33262.1	60568603	10280	47	-	-	ENSMMUG00000050536:intron
16	M33262.1	60568604	10280	44	-	-	ENSMMUG00000050536:intron
16	M33262.1	60568604	10280	16	-	-	ENSMMUG00000050536:intron
16	M33262.1	60580657	720	12	ENSMMUG00000050536	-	ENSMMUG00000050536:exon
16	M33262.1	60580657	10181	18	ENSMMUG00000050536	-	ENSMMUG00000050536:exon
16	M33262.1	60907775	721	7	ENSMMUG00000011809	-	ENSMMUG00000011809:exon
16	M33262.1	60907775	10182	6	ENSMMUG00000011809	-	ENSMMUG00000011809:exon
16	M33262.1	62779961	10280	1	-	-	ENSMMUG00000018378:intron
16	M33262.1	63857683	10280	233	-	-	ENSMMUG00000002133:intron
16	M33262.1	63857683	10280	54	-	-	ENSMMUG00000002133:intron
16	M33262.1	63857684	10279	10	-	-	ENSMMUG00000002133:intron
16	M33262.1	63857684	10279	6	-	-	ENSMMUG00000002133:intron
16	M33262.1	71763201	10281	1	-	-	ENSMMUG00000004756:intron
16	M33262.1	71763202	10279	39	-	-	ENSMMUG00000004756:intron
16	M33262.1	71763202	10279	1	-	-	ENSMMUG00000004756:intron
16	M33262.1	71763202	10281	5	-	-	ENSMMUG00000004756:intron
16	M33262.1	71763202	10281	7	-	-	ENSMMUG00000004756:intron
16	M33262.1	71763203	10280	1604	-	-	ENSMMUG00000004756:intron
16	M33262.1	71763203	10280	883	-	-	ENSMMUG00000004756:intron
16	M33262.1	71763204	10277	1	-	-	ENSMMUG00000004756:intron
16	M33262.1	71763204	10279	4	-	-	ENSMMUG00000004756:intron
16	M33262.1	71763204	10279	2	-	-	ENSMMUG00000004756:intron
16	M33262.1	76644872	10280	63	-	-	ENSMMUG00000005455:intron
16	M33262.1	76644872	10280	41	-	-	ENSMMUG00000005455:intron
16	M33262.1	76644873	10279	1	-	-	ENSMMUG00000005455:intron
16	M33262.1	76874959	10280	1	-	-	-
16	M33262.1	77986760	10280	1	-	-	ENSMMUG00000001586:intron;ENSMMUG00000001589:intron
17	M33262.1	11408241	984	14	vpr	ENSMMUG00000007198	ENSMMUG00000007198:exon
17	M33262.1	19350609	10153	131	-	-	ENSMMUG00000030780:intron
17	M33262.1	19350609	10154	1	-	-	ENSMMUG00000030780:intron
17	M33262.1	26834449	10280	49	-	-	ENSMMUG00000007891:intron
17	M33262.1	26834450	10280	27	-	-	ENSMMUG00000007891:intron
17	M33262.1	26834450	10280	6	-	-	ENSMMUG00000007891:intron
17	M33262.1	61271959	10094	1	-	-	ENSMMUG00000007529:intron
17	M33262.1	67885297	10280	2	-	-	-
17	M33262.1	77100917	10280	1	-	-	-
17	M33262.1	94578012	460	1	-	-	ENSMMUG00000009790:exon;ENSMMUG00000009791:exon
18	M33262.1	607535	8841	7	-	-	ENSMMUG00000057000:exon;ENSMMUG00000064830:exon
18	M33262.1	20681033	10282	1	-	-	ENSMMUG00000010402:intron
18	M33262.1	33465971	10280	2	-	-	ENSMMUG00000056276:intron
18	M33262.1	34559061	10280	218	-	-	ENSMMUG00000007816:intron
18	M33262.1	34559061	10280	75	-	-	ENSMMUG00000007816:intron
18	M33262.1	34559061	10281	2	-	-	ENSMMUG00000007816:intron
18	M33262.1	34577945	10152	33	-	ENSMMUG00000007816	ENSMMUG00000007816:exon
18	M33262.1	34577945	10154	17	-	-	ENSMMUG00000007816:exon
19	M33262.1	784048	902	20	-	-	ENSMMUG00000002638:intron;ENSMMUG00000013577:exon
19	M33262.1	1213306	10280	38	-	-	ENSMMUG00000003047:intron
19	M33262.1	1213307	10280	27	-	-	ENSMMUG00000003047:intron
19	M33262.1	1213307	10280	14	-	-	ENSMMUG00000003047:intron
19	M33262.1	3589243	10280	1	-	-	-
19	M33262.1	5993772	10280	1	-	-	ENSMMUG00000011967:intron
19	M33262.1	6207691	10281	1	-	-	ENSMMUG00000005697:intron
19	M33262.1	6369720	10280	1	-	-	-
19	M33262.1	6724539	10280	38	-	-	ENSMMUG00000019314:intron
19	M33262.1	6724539	10280	6	-	-	ENSMMUG00000019314:intron
19	M33262.1	8399791	10280	36	-	-	ENSMMUG00000019918:exon
19	M33262.1	8399791	10280	11	-	-	ENSMMUG00000019918:exon
19	M33262.1	8399792	10280	39	-	-	ENSMMUG00000019918:exon
19	M33262.1	8399793	10281	3	-	-	ENSMMUG00000019918:exon
19	M33262.1	12015218	10286	1	-	-	ENSMMUG00000049646:intron
19	M33262.1	13548849	10280	1	-	-	ENSMMUG00000008324:intron
19	M33262.1	14021129	5218	184	-	-	ENSMMUG00000005722:exon;ENSMMUG00000005723:exon
19	M33262.1	18536055	10280	1	-	-	-
19	M33262.1	38130289	10281	5	-	-	ENSMMUG00000023640:intron
19	M33262.1	38130289	10281	11	-	-	ENSMMUG00000023640:intron
19	M33262.1	38134629	10142	100	-	-	ENSMMUG00000023640:intron
19	M33262.1	48279051	10280	1	-	-	-
20	M33262.1	4419112	10280	1	-	-	ENSMMUG00000006499:exon
20	M33262.1	4419113	10280	2	-	-	ENSMMUG00000006499:exon
20	M33262.1	14582215	10280	1	-	-	ENSMMUG00000018849:intron
20	M33262.1	20889146	10281	1	-	-	-
20	M33262.1	25601256	10156	1	-	-	ENSMMUG00000015832:exon
20	M33262.1	25601257	10155	4	-	-	ENSMMUG00000015832:exon
20	M33262.1	25601258	10152	14	-	ENSMMUG00000015832	ENSMMUG00000015832:exon
20	M33262.1	25620662	10279	2	-	-	-
20	M33262.1	25620662	10280	192	-	-	-
20	M33262.1	25620662	10280	88	-	-	-
20	M33262.1	26743152	2536	2	-	-	ENSMMUG00000043332:exon
20	M33262.1	28185575	5870	2	-	-	ENSMMUG00000020881:exon
20	M33262.1	29818820	531	41	-	-	ENSMMUG00000054358:exon;ENSMMUG00000062077:exon
20	M33262.1	29818820	9992	82	-	-	ENSMMUG00000054358:exon;ENSMMUG00000062077:exon
20	M33262.1	37272924	10281	2	-	-	ENSMMUG00000003116:intron
20	M33262.1	43612782	10280	109	-	-	ENSMMUG00000019902:intron
20	M33262.1	43612782	10280	44	-	-	ENSMMUG00000019902:intron
20	M33262.1	43612783	10281	1	-	-	ENSMMUG00000019902:intron
20	M33262.1	44236777	10182	3	ENSMMUG00000000769	-	ENSMMUG00000000769:exon
20	M33262.1	44255783	10279	1	-	-	ENSMMUG00000000769:intron
20	M33262.1	44255784	10280	159	-	-	ENSMMUG00000000769:intron
20	M33262.1	44255784	10280	68	-	-	ENSMMUG00000000769:intron
20	M33262.1	44255785	10279	201	-	-	ENSMMUG00000000769:intron
20	M33262.1	44255785	10280	2	-	-	ENSMMUG00000000769:intron
20	M33262.1	44255785	10279	3	-	-	ENSMMUG00000000769:intron
20	M33262.1	54331785	2207	2	-	-	ENSMMUG00000018102:exon
20	M33262.1	71771086	984	34	vpr	ENSMMUG00000011244	ENSMMUG00000011244:exon
1	M33262.1	31596209	10281	3	-	-	ENSMMUG00000001565:intron
1	M33262.1	31596209	10281	2	-	-	ENSMMUG00000001565:intron
1	M33262.1	43894805	10280	1	-	-	-
1	M33262.1	52804271	10280	1	-	-	-
1	M33262.1	69833978	10280	4	-	-	ENSMMUG00000019771:intron
1	M33262.1	69833978	10280	4	-	-	ENSMMUG00000019771:intron
1	M33262.1	95667117	10280	1	-	-	ENSMMUG00000023146:intron
1	M33262.1	100547280	10280	3	-	-	-
1	M33262.1	113797850	10280	1	-	-	-
1	M33262.1	115750155	10280	2	-	-	-
10	M33262.1	13186865	10280	1	-	-	-
10	M33262.1	15193861	10279	1	-	-	ENSMMUG00000006101:intron
10	M33262.1	15193861	10279	5	-	-	ENSMMUG00000006101:intron
10	M33262.1	15193861	10281	1	-	-	ENSMMUG00000006101:intron
10	M33262.1	15193862	10280	412	-	-	ENSMMUG00000006101:intron
10	M33262.1	15193862	10280	93	-	-	ENSMMUG00000006101:intron
10	M33262.1	15193863	10279	1	-	-	ENSMMUG00000006101:intron
10	M33262.1	15308589	10282	10	-	-	-
10	M33262.1	21084282	10281	4	-	-	ENSMMUG00000019374:intron
10	M33262.1	48421738	10280	1	-	-	-
10	M33262.1	53812745	10280	4	-	-	-
10	M33262.1	64403849	10280	12	-	-	-
10	M33262.1	64403849	10280	4	-	-	-
10	M33262.1	65709792	10280	7	-	-	ENSMMUG00000047879:intron
10	M33262.1	83793651	10281	2	-	-	-
10	M33262.1	88685069	10280	1	-	-	-
11	M33262.1	6571759	10280	2	-	-	-
11	M33262.1	23899327	10280	1	-	-	-
11	M33262.1	23899327	10280	1	-	-	-
11	M33262.1	23899328	10280	1	-	-	-
11	M33262.1	32509988	10280	3	-	-	ENSMMUG00000003221:intron
11	M33262.1	53969256	10280	4	-	-	-
11	M33262.1	77985898	10280	2	-	-	-
11	M33262.1	95477064	10280	1	-	-	ENSMMUG00000000521:intron
11	M33262.1	109674420	10280	3	-	-	ENSMMUG00000007678:intron
11	M33262.1	121192149	10282	1	-	-	-
11	M33262.1	121364025	10280	1	-	-	ENSMMUG00000021564:intron
11	M33262.1	122953720	10280	1	-	-	ENSMMUG00000015931:intron
11	M33262.1	123250989	10283	1	-	-	-
11	M33262.1	131934279	10280	1	-	-	-
11	M33262.1	131934279	10280	9	-	-	-
12	M33262.1	3752874	10280	1	-	-	-
12	M33262.1	16822178	10280	3	-	-	-
12	M33262.1	20367746	10280	1	-	-	-
12	M33262.1	41792476	10280	1	-	-	-
12	M33262.1	77186886	10281	2	-	-	-
13	M33262.1	18722410	10282	2	-	-	-
13	M33262.1	42748076	10280	2	-	-	-
13	M33262.1	43141327	10281	1	-	-	-
13	M33262.1	47630910	10280	1	-	-	-
13	M33262.1	48148765	10280	1	-	-	-
13	M33262.1	65526341	10282	1	-	-	ENSMMUG00000000642:intron
13	M33262.1	76823027	10280	1	-	-	ENSMMUG00000021691:intron
13	M33262.1	91147617	10280	1	-	-	-
13	M33262.1	91147618	10280	1	-	-	-
14	M33262.1	15820461	10280	1	-	-	ENSMMUG00000040741:intron
14	M33262.1	21787525	10282	1	-	-	-
14	M33262.1	83571068	10282	1	-	-	-
14	M33262.1	90345216	10280	2	-	-	-
14	M33262.1	110304824	10280	2	-	-	ENSMMUG00000002067:intron
15	M33262.1	11506603	10280	90	-	-	ENSMMUG00000011765:intron
15	M33262.1	69994423	10280	58	-	-	-
15	M33262.1	92830737	10280	2	-	-	ENSMMUG00000019761:intron
15	M33262.1	108578315	10280	1	-	-	ENSMMUG00000008281:intron
16	M33262.1	49693766	10283	1	-	-	-
16	M33262.1	56623948	10280	1	-	-	-
16	M33262.1	77986759	10280	1	-	-	ENSMMUG00000001586:intron;ENSMMUG00000001589:intron
17	M33262.1	62070434	10280	2	-	-	-
17	M33262.1	95423303	10280	3	-	-	-
18	M33262.1	23654268	10281	1	-	-	-
18	M33262.1	24307014	10280	2	-	-	-
19	M33262.1	2007984	10280	1	-	-	ENSMMUG00000010107:intron
19	M33262.1	3589243	10280	2	-	-	-
19	M33262.1	8541733	10280	1	-	-	-
19	M33262.1	32314747	10281	1	-	-	ENSMMUG00000028800:intron
19	M33262.1	32585433	10281	1	-	-	ENSMMUG00000011790:intron
19	M33262.1	45915664	10280	1	-	-	ENSMMUG00000015428:intron
19	M33262.1	47862562	10280	8	-	-	-
19	M33262.1	52020895	10280	3	-	-	ENSMMUG00000020234:intron
19	M33262.1	56169048	10280	3	-	-	ENSMMUG00000003257:intron
19	M33262.1	56169048	10280	1	-	-	ENSMMUG00000003257:intron
2	M33262.1	380394	10280	1	-	-	ENSMMUG00000000184:intron
2	M33262.1	4152482	10281	1	-	-	ENSMMUG00000055165:intron
2	M33262.1	32422962	10280	1	-	-	ENSMMUG00000006658:intron
2	M33262.1	107648717	10280	1	-	-	ENSMMUG00000012002:intron
20	M33262.1	3577990	10280	1	-	-	ENSMMUG00000007569:exon
20	M33262.1	20047155	10280	2	-	-	ENSMMUG00000043703:intron
20	M33262.1	23727288	10280	5	-	-	-
20	M33262.1	37272924	10281	1	-	-	ENSMMUG00000003116:intron
20	M33262.1	76183741	10280	1	-	-	-
3	M33262.1	3238302	10280	1	-	-	-
3	M33262.1	29826834	10281	12	-	-	-
3	M33262.1	33995034	10280	1	-	-	ENSMMUG00000017063:exon;ENSMMUG00000017064:intron
3	M33262.1	71450662	10280	45	-	-	ENSMMUG00000019023:intron
3	M33262.1	71450662	10280	9	-	-	ENSMMUG00000019023:intron
3	M33262.1	78515956	10280	2	-	-	ENSMMUG00000022275:intron
3	M33262.1	98523452	10280	1	-	-	-
3	M33262.1	128755580	10280	3	-	-	-
3	M33262.1	128755580	10280	2	-	-	-
3	M33262.1	129441785	10280	4	-	-	ENSMMUG00000012427:intron
3	M33262.1	165034671	10280	2	-	-	ENSMMUG00000021676:intron
3	M33262.1	171077242	10280	7	-	-	ENSMMUG00000008650:intron
3	M33262.1	177488734	10009	2	-	-	ENSMMUG00000051076:intron
3	M33262.1	177508981	10283	1	-	-	ENSMMUG00000051076:intron
3	M33262.1	177508982	10282	3	-	-	ENSMMUG00000051076:intron
3	M33262.1	177508983	10281	10	-	-	ENSMMUG00000051076:intron
3	M33262.1	177508983	10282	6	-	-	ENSMMUG00000051076:intron
3	M33262.1	177508984	10280	7406	-	-	ENSMMUG00000051076:intron
3	M33262.1	177508984	10279	83	-	-	ENSMMUG00000051076:intron
3	M33262.1	177508984	10279	16	-	-	ENSMMUG00000051076:intron
3	M33262.1	177508984	10281	3	-	-	ENSMMUG00000051076:intron
3	M33262.1	177508984	10281	2	-	-	ENSMMUG00000051076:intron
3	M33262.1	177508985	10280	1	-	-	ENSMMUG00000051076:intron
3	M33262.1	177508985	10279	1	-	-	ENSMMUG00000051076:intron
3	M33262.1	177508985	10280	5462	-	-	ENSMMUG00000051076:intron
3	M33262.1	177508985	10280	1066	-	-	ENSMMUG00000051076:intron
3	M33262.1	177508986	10279	10	-	-	ENSMMUG00000051076:intron
3	M33262.1	177508986	10279	3	-	-	ENSMMUG00000051076:intron
3	M33262.1	177508986	10280	1	-	-	ENSMMUG00000051076:intron
3	M33262.1	177508986	10280	1	-	-	ENSMMUG00000051076:intron
3	M33262.1	177508987	10278	1	-	-	ENSMMUG00000051076:intron
3	M33262.1	177508988	10278	4	-	-	ENSMMUG00000051076:intron
4	M33262.1	5193923	10280	1	-	-	ENSMMUG00000023614:intron
4	M33262.1	14492171	10280	5	-	-	-
4	M33262.1	80372735	10280	3	-	-	-
4	M33262.1	80372735	10280	5	-	-	-
4	M33262.1	107207364	10280	81	-	-	-
4	M33262.1	107207364	10280	2	-	-	-
4	M33262.1	121430364	10280	1	-	-	ENSMMUG00000003719:intron
4	M33262.1	143960344	10282	4	-	-	-
5	M33262.1	4922771	10280	2	-	-	ENSMMUG00000013984:intron
5	M33262.1	6443704	10280	1	-	-	ENSMMUG00000013416:intron
5	M33262.1	19931771	10282	2	-	-	ENSMMUG00000030380:intron
5	M33262.1	20142640	10280	1	-	-	ENSMMUG00000030380:intron
5	M33262.1	32928120	10280	1	-	-	-
5	M33262.1	39056359	10281	1	-	-	ENSMMUG00000011323:intron
5	M33262.1	39553933	10282	2	-	-	-
5	M33262.1	50244517	10282	1	-	-	ENSMMUG00000015350:intron
5	M33262.1	78035415	396	20	-	-	ENSMMUG00000043692:intron
5	M33262.1	125779554	10278	1	-	-	ENSMMUG00000020931:intron
5	M33262.1	125779556	10280	132	-	-	ENSMMUG00000020931:intron
5	M33262.1	125779556	10280	64	-	-	ENSMMUG00000020931:intron
5	M33262.1	125779557	10280	161	-	-	ENSMMUG00000020931:intron
5	M33262.1	125779557	10279	5	-	-	ENSMMUG00000020931:intron
5	M33262.1	145080104	10280	1	-	-	-
5	M33262.1	148731306	10280	23	-	-	-
5	M33262.1	148731306	10280	3	-	-	-
5	M33262.1	180950647	10280	15	-	-	-
5	M33262.1	183268222	10280	10	-	-	-
5	M33262.1	183268222	10280	1	-	-	-
6	M33262.1	33830981	10280	1	-	-	ENSMMUG00000016226:intron
6	M33262.1	51055061	10280	2	-	-	-
6	M33262.1	56645474	10280	1	-	-	-
6	M33262.1	74092184	10281	1	-	-	ENSMMUG00000021358:intron
6	M33262.1	99285919	10281	7	-	-	-
6	M33262.1	120224670	10280	7	-	-	-
6	M33262.1	122301111	10280	22	-	-	-
6	M33262.1	122301111	10280	1	-	-	-
6	M33262.1	130387315	10280	1	-	-	-
6	M33262.1	142980186	10281	1	-	-	-
7	M33262.1	497717	10280	1	-	-	ENSMMUG00000003890:intron
7	M33262.1	99545615	10281	1	-	-	ENSMMUG00000009651:intron
7	M33262.1	140361918	10280	1	-	-	-
7	M33262.1	149141381	10280	1	-	-	ENSMMUG00000061879:intron
7	M33262.1	149141382	10280	2	-	-	ENSMMUG00000061879:intron
7	M33262.1	155518490	10280	9	-	-	-
7	M33262.1	155518491	10280	6	-	-	-
7	M33262.1	161900590	10280	1	-	-	ENSMMUG00000000100:intron
8	M33262.1	33857038	10280	1	-	-	ENSMMUG00000010244:intron;ENSMMUG00000022511:intron
8	M33262.1	39212386	10280	1	-	-	ENSMMUG00000010152:intron;ENSMMUG00000051162:intron
8	M33262.1	39212386	10280	1	-	-	ENSMMUG00000010152:intron;ENSMMUG00000051162:intron
8	M33262.1	42590079	10280	2	-	-	ENSMMUG00000010891:intron
8	M33262.1	61029358	10280	1	-	-	-
8	M33262.1	81780222	10280	3	-	-	-
8	M33262.1	88391094	10280	6	-	-	-
8	M33262.1	88391094	10280	5	-	-	-
9	M33262.1	19838615	10281	1	-	-	-
9	M33262.1	33845830	10280	1	-	-	ENSMMUG00000017767:intron
9	M33262.1	106795998	10280	2	-	-	-
X	M33262.1	1931045	10280	3	-	-	ENSMMUG00000007514:intron
X	M33262.1	1931046	10280	1	-	-	ENSMMUG00000007514:intron
X	M33262.1	7188421	10280	4	-	-	-
X	M33262.1	7188421	10280	2	-	-	-
X	M33262.1	19415648	10280	49	-	-	ENSMMUG00000004744:intron
X	M33262.1	19415648	10280	17	-	-	ENSMMUG00000004744:intron
X	M33262.1	19415649	10280	2	-	-	ENSMMUG00000004744:intron
X	M33262.1	24721281	10282	1	-	-	ENSMMUG00000018433:intron
X	M33262.1	24721281	10282	2	-	-	ENSMMUG00000018433:intron
X	M33262.1	41033266	10279	1	-	-	ENSMMUG00000013753:intron
X	M33262.1	41033266	10280	1	-	-	ENSMMUG00000013753:intron
X	M33262.1	41033267	10280	1639	-	-	ENSMMUG00000013753:intron
X	M33262.1	41033267	10280	901	-	-	ENSMMUG00000013753:intron
X	M33262.1	41033268	10280	3	-	-	ENSMMUG00000013753:intron
X	M33262.1	41033268	10281	2	-	-	ENSMMUG00000013753:intron
X	M33262.1	41033268	10279	3	-	-	ENSMMUG00000013753:intron
X	M33262.1	41033268	10279	2	-	-	ENSMMUG00000013753:intron
X	M33262.1	41033268	10281	5	-	-	ENSMMUG00000013753:intron
X	M33262.1	41033269	10282	1	-	-	ENSMMUG00000013753:intron
X	M33262.1	41033271	10282	2	-	-	ENSMMUG00000013753:intron
X	M33262.1	41033272	10279	9	-	-	ENSMMUG00000013753:intron
X	M33262.1	41033272	10279	1	-	-	ENSMMUG00000013753:intron
X	M33262.1	41033272	10281	2	-	-	ENSMMUG00000013753:intron
X	M33262.1	41033273	10280	2616	-	-	ENSMMUG00000013753:intron
X	M33262.1	41033273	10280	847	-	-	ENSMMUG00000013753:intron
X	M33262.1	41033274	10279	11	-	-	ENSMMUG00000013753:intron
X	M33262.1	41033274	10279	4	-	-	ENSMMUG00000013753:intron
X	M33262.1	41039754	578	2	-	-	ENSMMUG00000013753:exon
X	M33262.1	41039754	10039	3	-	-	ENSMMUG00000013753:exon
X	M33262.1	41039755	10153	17	-	-	ENSMMUG00000013753:exon
X	M33262.1	49067702	9342	744	-	-	ENSMMUG00000010620:intron;ENSMMUG00000055688:exon
X	M33262.1	49067702	9344	1	-	-	ENSMMUG00000010620:intron;ENSMMUG00000055688:exon
X	M33262.1	49067703	9341	1	-	-	ENSMMUG00000010620:intron;ENSMMUG00000055688:exon
X	M33262.1	49067710	9338	1	-	-	ENSMMUG00000010620:intron;ENSMMUG00000055688:exon
X	M33262.1	53493209	10280	1	-	-	-
X	M33262.1	62156300	10279	1	-	-	-
X	M33262.1	62156300	10280	3	-	-	-
X	M33262.1	62156302	10278	1	-	-	-
X	M33262.1	68957668	10280	1	-	-	-
X	M33262.1	68957669	10280	383	-	-	-
X	M33262.1	68957669	10281	1	-	-	-
X	M33262.1	68957671	10282	1	-	-	-
X	M33262.1	71631049	10280	1	-	-	-
X	M33262.1	97533730	396	7	-	-	ENSMMUG00000057154:exon
X	M33262.1	111130447	10280	1	-	-	-
X	M33262.1	111130447	10280	1	-	-	-
X	M33262.1	115434283	10281	1	-	-	-
X	M33262.1	128287651	10284	1	-	-	ENSMMUG00000003475:intron
X	M33262.1	128287654	10280	874	-	-	ENSMMUG00000003475:intron
X	M33262.1	128287654	10279	2	-	-	ENSMMUG00000003475:intron
X	M33262.1	128287654	10279	20	-	-	ENSMMUG00000003475:intron
X	M33262.1	128287654	10281	1	-	-	ENSMMUG00000003475:intron
X	M33262.1	128287655	10280	563	-	-	ENSMMUG00000003475:intron
X	M33262.1	128287655	10280	270	-	-	ENSMMUG00000003475:intron
X	M33262.1	128287658	10282	2	-	-	ENSMMUG00000003475:intron
X	M33262.1	128287659	10277	2	-	-	ENSMMUG00000003475:intron
X	M33262.1	135015355	10280	1	-	-	ENSMMUG00000012484:intron
X	M33262.1	143596807	10280	4	-	-	-
gb|QNVO02000254.1|	M33262.1	93545	10280	1	-	-	-
gb|QNVO02001697.1|	M33262.1	23026	10280	1	-	-	-
